lemma_id,lemma_key,lesson,meaning_bn,translit_bn,note_bn,reviewed_by,reviewed_on
1,{som|N,L1-01,নাম,ইসম,,DRAFT,
2,AFFIX|PREFIX|bi+|b,L1-01,"দিয়ে, সাথে; -এ (নামে)",বি,শব্দের শুরুতে জুড়ে বসে,DRAFT,
3,{ll~ah|PN,L1-01,আল্লাহ,আল্লাহ,,DRAFT,
4,r~aHoma`n|N,L1-01,পরম দয়াময়,আর-রহমান,,DRAFT,
6,r~aHiym|N,L1-01,পরম দয়ালু,আর-রহীম,,DRAFT,
5,AFFIX|PREFIX|Al+|l,L1-02,নির্দিষ্ট করার চিহ্ন (‘সেই’),আল,শব্দের শুরুতে জুড়ে বসে,DRAFT,
7,Hamod|N,L1-02,প্রশংসা,হামদ,,DRAFT,
8,AFFIX|PREFIX|l:P+|l,L1-02,"-এর জন্য, -এর",লি,শব্দের শুরুতে জুড়ে বসে,DRAFT,
9,rab~|N,L1-02,"রব, প্রতিপালক",রব্ব,,DRAFT,
10,Ea`lamiyn|N,L1-02,"জগৎসমূহ, সৃষ্টিজগৎ",আলামীন,,DRAFT,
11,ma`lik|N,L1-03,"মালিক, অধিপতি",মালিক,,DRAFT,
12,yawom|N,L1-03,দিন,ইয়াওম,,DRAFT,
13,diyn|N,L1-03,"প্রতিদান, বিচার; দ্বীন",দ্বীন,,DRAFT,
14,<iy~aA|PRON,L1-04,শুধু …কেই,ইয়্যা,ইয়্যাকা = শুধু আপনাকেই,DRAFT,
15,Eabada|V,L1-04,ইবাদত করা,আবাদা,,DRAFT,
16,AFFIX|PREFIX|w:CONJ+|w,L1-04,"এবং, ও",ওয়া,শব্দের শুরুতে জুড়ে বসে,DRAFT,
17,{sotaEiynu|V,L1-04,সাহায্য চাওয়া,ইসতা‘আনা,,DRAFT,
18,hadaY|V,L1-05,পথ দেখানো,হাদা,,DRAFT,
19,AFFIX|SUFFIX|PRON:1P|nA,L1-05,"আমাদের, আমাদেরকে; আমরা",না,শব্দের শেষে জুড়ে বসে,DRAFT,
20,Sira`T|N,L1-05,পথ,সিরাত,,DRAFT,
21,m~usotaqiym|N,L1-05,"সরল, সোজা",মুসতাকীম,,DRAFT,
22,{l~a*iY|REL,L1-06,"যে, যারা",আল্লাযী,,DRAFT,
23,>anoEama|V,L1-06,অনুগ্রহ করা,আন‘আমা,,DRAFT,
25,EalaY`|P,L1-06,"উপর, প্রতি",‘আলা,,DRAFT,
27,gayor|N,L1-06,"ছাড়া, নয়; ভিন্ন",গাইর,,DRAFT,
28,magoDuwb|N,L1-06,যার উপর ক্রোধ হয়েছে,মাগদূব,,DRAFT,
29,laA|NEG,L1-06,না,লা,,DRAFT,
30,DaA^l~|N,L1-06,পথভ্রষ্ট,দোয়াল্লীন,,DRAFT,
72,EaZiym|N,L1-08,মহান,আযীম,,DRAFT,
252,sab~aHa|V,L1-08,পবিত্রতা ঘোষণা করা,সাব্বাহা,,DRAFT,
261,suboHa`n|N,L1-08,পবিত্রতা,সুবহান,সুবহানা = পবিত্র …,DRAFT,
950,>akobar|N,L1-08,"সবচেয়ে বড়, অনেক বড়",আকবার,,DRAFT,
3042,>aEolaY`|N,L1-08,সর্বোচ্চ,আ‘লা,,DRAFT,
65,lam|NEG,L1-09,না (অতীতে: করেনি),লাম,,DRAFT,
75,qaAla|V,L1-09,বলা,কালা,,DRAFT,
238,PRON|3MS|hw,L1-09,"সে, তিনি",হুওয়া,,DRAFT,
570,>aHad|N,L1-09,"এক, একক; কেউ",আহাদ,,DRAFT,
2701,walada|V,L1-09,জন্ম দেওয়া,ওয়ালাদা,,DRAFT,
5015,S~amad|N,L1-09,অমুখাপেক্ষী,সামাদ,,DRAFT,
5016,kufuw|N,L1-09,"সমকক্ষ, সমতুল্য",কুফুওয়ান,,DRAFT,
38,'aAmana|V,L1-10,"ঈমান আনা, বিশ্বাস করা",আমানা,,DRAFT,
58,<in~|ACC,L1-10,নিশ্চয়ই,ইন্না,,DRAFT,
198,Eamila|V,L1-10,কাজ করা,‘আমিলা,,DRAFT,
199,S~a`liHa`t|N,L1-10,সৎকাজসমূহ,সালিহাত,,DRAFT,
219,Haq~|N,L1-10,সত্য,হাক্ক,,DRAFT,
264,<il~aA|EXP,L1-10,"তবে, ছাড়া",ইল্লা,,DRAFT,
333,Sabor|N,L1-10,ধৈর্য,সবর,,DRAFT,
409,<insa`n|N,L1-10,মানুষ,ইনসান,,DRAFT,
4580,xusor|N,L1-10,ক্ষতি,খুসর,,DRAFT,
4990,EaSor|N,L1-10,"সময়, যুগ",‘আসর,,DRAFT,
34,fiY|P,L2-11,"মধ্যে, -তে",,,DRAFT,
43,min|P,L2-11,থেকে,,,DRAFT,
50,<ilaY`|P,L2-11,"দিকে, প্রতি",,,DRAFT,
287,Ean|P,L2-11,থেকে; সম্পর্কে,,,DRAFT,
54,PRON|3MP|hm,L2-12,তারা,,,DRAFT,
95,PRON|1P|nHn,L2-12,আমরা,,,DRAFT,
178,PRON|2MP|ntm,L2-12,"তোমরা, আপনারা",,,DRAFT,
265,PRON|2MS|nt,L2-12,"তুমি, আপনি (একজন পুরুষ)",,,DRAFT,
460,PRON|3FS|hY,L2-12,সে (নারী); এটি,,,DRAFT,
756,PRON|1S|nA,L2-12,আমি,,,DRAFT,
26,AFFIX|SUFFIX|PRON:3MP|hm,L2-13,"তাদের, তাদেরকে",,শব্দের শেষে জুড়ে বসে,DRAFT,
35,AFFIX|SUFFIX|PRON:3MS|h,L2-13,"তার, তাকে",,শব্দের শেষে জুড়ে বসে,DRAFT,
51,AFFIX|SUFFIX|PRON:2MS|k,L2-13,"তোমার, তোমাকে",,শব্দের শেষে জুড়ে বসে,DRAFT,
111,AFFIX|SUFFIX|PRON:2MP|km,L2-13,"তোমাদের, তোমাদেরকে",,শব্দের শেষে জুড়ে বসে,DRAFT,
247,AFFIX|SUFFIX|PRON:1S|Y,L2-13,আমার,,শব্দের শেষে জুড়ে বসে,DRAFT,
31,*a`lik|DEM,L2-14,"ওটা, ঐ",,নারীবাচক রূপও এই শব্দের,DRAFT,
56,>uwla`^}ik|DEM,L2-14,"ওরা, ঐসব",,,DRAFT,
206,ha`*aA|DEM,L2-14,"এটা, এই",,নারীবাচক রূপও এই শব্দের,DRAFT,
32,kita`b|N,L2-15,"কিতাব, বই",,,DRAFT,
33,rayob|N,L2-15,সন্দেহ,,,DRAFT,
36,hudFY|N,L2-15,"পথনির্দেশ, হিদায়াত",,,DRAFT,
37,mut~aqiyn|N,L2-15,"মুত্তাকি, আল্লাহভীরু",,,DRAFT,
220,maA*aA|INTG,L2-16,কী?,,,DRAFT,
233,kayof|INTG,L2-16,কীভাবে?,,,DRAFT,
459,maA|INTG,L2-16,কী?,,,DRAFT,
631,man|INTG,L2-16,কে?,,,DRAFT,
930,hal|INTG,L2-16,কি? (হ্যাঁ/না প্রশ্ন),,,DRAFT,
76,maA|NEG,L2-17,না,,,DRAFT,
192,lan|NEG,L2-17,কখনো না (ভবিষ্যতে),,,DRAFT,
628,l~ayosa|V,L2-17,নয়,,,DRAFT,
160,kul~|N,L2-18,"সব, প্রত্যেক",,,DRAFT,
161,$aYo'|N,L2-18,"জিনিস, বস্তু",,,DRAFT,
162,qadiyr|N,L2-18,ক্ষমতাবান,,,DRAFT,
200,>an~|ACC,L2-18,যে (নিশ্চয়ই যে),,,DRAFT,
408,qad|CERT,L2-18,"অবশ্যই, ইতিমধ্যে",,,DRAFT,
244,Ealiym|N,L2-19,সর্বজ্ঞ,,,DRAFT,
266,Hakiym|N,L2-19,প্রজ্ঞাময়,,,DRAFT,
576,baSiyr|N,L2-19,সর্বদ্রষ্টা,,,DRAFT,
685,samiyE|N,L2-19,সর্বশ্রোতা,,,DRAFT,
795,gafuwr|N,L2-19,ক্ষমাশীল,,,DRAFT,
41,>aqaAma|V,L2-20,"কায়েম করা, প্রতিষ্ঠা করা",,,DRAFT,
42,Salaw`p|N,L2-20,"সালাত, নামাজ",,,DRAFT,
45,razaqa|V,L2-20,রিজিক দেওয়া,,,DRAFT,
47,>anfaqa|V,L2-20,খরচ করা,,,DRAFT,
88,kaAna|V,L3-21,ছিল; হওয়া,,,DRAFT,
143,jaEala|V,L3-21,"বানানো, করা",,,DRAFT,
165,xalaqa|V,L3-21,সৃষ্টি করা,,,DRAFT,
24,AFFIX|SUFFIX|PRON:2MS|t,L3-22,তুমি (অতীতে করলে),,অতীত ক্রিয়ার শেষে,DRAFT,
60,AFFIX|SUFFIX|PRON:3MP|wA,L3-22,তারা (অতীতে করল),,অতীত ক্রিয়ার শেষে,DRAFT,
312,AFFIX|SUFFIX|PRON:1S|t,L3-22,আমি (অতীতে করলাম),,অতীত ক্রিয়ার শেষে,DRAFT,
39,AFFIX|SUFFIX|PRON:3MP|wn,L3-23,তারা (করে),,বর্তমান ক্রিয়ার শেষে,DRAFT,
105,Ealima|V,L3-23,জানা,,,DRAFT,
93,AFFIX|SUFFIX|PRON:2MP|wA,L3-24,তোমরা (আদেশ: করো),,আদেশ ক্রিয়ার শেষে,DRAFT,
163,>ay~uhaA|N,L3-24,ডাকার সাথে বসে (হে …),,,DRAFT,
164,AFFIX|PREFIX|ya+|y,L3-24,হে (ডাকার শব্দ),,শব্দের শুরুতে জুড়ে বসে,DRAFT,
167,{t~aqaY`|V,L3-24,তাকওয়া অবলম্বন করা,,,DRAFT,
187,daEaA|V,L3-24,"ডাকা, দোয়া করা",,,DRAFT,
59,kafara|V,L3-25,"অস্বীকার করা, কুফরি করা",,,DRAFT,
124,naAr|N,L3-25,আগুন,,,DRAFT,
201,jan~ap|N,L3-25,জান্নাত; বাগান,,,DRAFT,
437,>ajor|N,L3-25,"প্রতিদান, পুরস্কার",,,DRAFT,
255,Eal~ama|V,L3-26,শিক্ষা দেওয়া,,,DRAFT,
262,Eilom|N,L3-26,জ্ঞান,,,DRAFT,
712,>aEolam|N,L3-26,বেশি জানেন,,,DRAFT,
166,laEal~|ACC,L3-27,"যাতে, হয়তো",,,DRAFT,
505,kataba|V,L3-27,লেখা; নির্ধারণ করা,,,DRAFT,
824,SiyaAm|N,L3-27,"রোজা, সিয়াম",,,DRAFT,
73,n~aAs|N,L3-28,"মানুষ, লোকেরা",,,DRAFT,
94,>aroD|N,L3-28,"পৃথিবী, জমিন",,,DRAFT,
140,samaA^'|N,L3-28,আকাশ,,বহুবচন: আকাশমণ্ডলী,DRAFT,
370,qawom|N,L3-28,"জাতি, সম্প্রদায়",,,DRAFT,
52,qabol|N,L3-29,আগে,,,DRAFT,
53,A^xir|N,L3-29,শেষ; আখিরাত,,,DRAFT,
227,baEod|N,L3-29,পরে,,,DRAFT,
535,d~unoyaA|N,L3-29,দুনিয়া,,,DRAFT,
1497,yawoma}i*|T,L3-29,সেদিন,,,DRAFT,
700,<ila`h|N,L3-30,"ইলাহ, উপাস্য",,,DRAFT,
737,Hay~|N,L3-30,চিরঞ্জীব,,,DRAFT,
1101,qay~uwm|N,L3-30,চিরস্থায়ী ধারক,,,DRAFT,
1103,nawom|N,L3-30,ঘুম,,,DRAFT,
