#,lesson,lemma_id,arabic_word (Tanzil),word part taught (Tanzil),anchor (surah:ayah:word),anchor ayah (Tanzil),type,root,meaning_bn (DRAFT),translit_bn,note_bn,teacher: OK? (yes/no),teacher: correct meaning,teacher: comment
1,L1-01,2,بِسْمِ,بِ,1:1:1,بِسْمِ ٱللَّهِ ٱلرَّحْمَـٰنِ ٱلرَّحِيمِ,P,,"দিয়ে, সাথে; -এ (নামে)",বি,শব্দের শুরুতে জুড়ে বসে,,,
2,L1-01,1,بِسْمِ,سْمِ,1:1:1,بِسْمِ ٱللَّهِ ٱلرَّحْمَـٰنِ ٱلرَّحِيمِ,N,س م و,নাম,ইসম,,,,
3,L1-01,3,ٱللَّهِ,ٱللَّهِ,1:1:2,بِسْمِ ٱللَّهِ ٱلرَّحْمَـٰنِ ٱلرَّحِيمِ,PN,ا ل ه,আল্লাহ,আল্লাহ,,,,
4,L1-01,4,ٱلرَّحْمَـٰنِ,رَّحْمَـٰنِ,1:1:3,بِسْمِ ٱللَّهِ ٱلرَّحْمَـٰنِ ٱلرَّحِيمِ,N,ر ح م,পরম দয়াময়,আর-রহমান,,,,
5,L1-01,6,ٱلرَّحِيمِ,رَّحِيمِ,1:1:4,بِسْمِ ٱللَّهِ ٱلرَّحْمَـٰنِ ٱلرَّحِيمِ,N,ر ح م,পরম দয়ালু,আর-রহীম,,,,
6,L1-02,5,ٱلْحَمْدُ,ٱلْ,1:2:1,ٱلْحَمْدُ لِلَّهِ رَبِّ ٱلْعَـٰلَمِينَ,DET,,নির্দিষ্ট করার চিহ্ন (‘সেই’),আল,শব্দের শুরুতে জুড়ে বসে,,,
7,L1-02,7,ٱلْحَمْدُ,حَمْدُ,1:2:1,ٱلْحَمْدُ لِلَّهِ رَبِّ ٱلْعَـٰلَمِينَ,N,ح م د,প্রশংসা,হামদ,,,,
8,L1-02,8,لِلَّهِ,لِ,1:2:2,ٱلْحَمْدُ لِلَّهِ رَبِّ ٱلْعَـٰلَمِينَ,P,,"-এর জন্য, -এর",লি,শব্দের শুরুতে জুড়ে বসে,,,
9,L1-02,9,رَبِّ,رَبِّ,1:2:3,ٱلْحَمْدُ لِلَّهِ رَبِّ ٱلْعَـٰلَمِينَ,N,ر ب ب,"রব, প্রতিপালক",রব্ব,,,,
10,L1-02,10,ٱلْعَـٰلَمِينَ,عَـٰلَمِينَ,1:2:4,ٱلْحَمْدُ لِلَّهِ رَبِّ ٱلْعَـٰلَمِينَ,N,ع ل م,"জগৎসমূহ, সৃষ্টিজগৎ",আলামীন,,,,
11,L1-03,11,مَـٰلِكِ,مَـٰلِكِ,1:4:1,مَـٰلِكِ يَوْمِ ٱلدِّينِ,N,م ل ك,"মালিক, অধিপতি",মালিক,,,,
12,L1-03,12,يَوْمِ,يَوْمِ,1:4:2,مَـٰلِكِ يَوْمِ ٱلدِّينِ,N,ي و م,দিন,ইয়াওম,,,,
13,L1-03,13,ٱلدِّينِ,دِّينِ,1:4:3,مَـٰلِكِ يَوْمِ ٱلدِّينِ,N,د ي ن,"প্রতিদান, বিচার; দ্বীন",দ্বীন,,,,
14,L1-04,14,إِيَّاكَ,إِيَّاكَ,1:5:1,إِيَّاكَ نَعْبُدُ وَإِيَّاكَ نَسْتَعِينُ,PRON,,শুধু …কেই,ইয়্যা,ইয়্যাকা = শুধু আপনাকেই,,,
15,L1-04,15,نَعْبُدُ,نَعْبُدُ,1:5:2,إِيَّاكَ نَعْبُدُ وَإِيَّاكَ نَسْتَعِينُ,V,ع ب د,ইবাদত করা,আবাদা,,,,
16,L1-04,16,وَإِيَّاكَ,وَ,1:5:3,إِيَّاكَ نَعْبُدُ وَإِيَّاكَ نَسْتَعِينُ,CONJ,,"এবং, ও",ওয়া,শব্দের শুরুতে জুড়ে বসে,,,
17,L1-04,17,نَسْتَعِينُ,نَسْتَعِينُ,1:5:4,إِيَّاكَ نَعْبُدُ وَإِيَّاكَ نَسْتَعِينُ,V,ع و ن,সাহায্য চাওয়া,ইসতা‘আনা,,,,
18,L1-05,18,ٱهْدِنَا,ٱهْدِ,1:6:1,ٱهْدِنَا ٱلصِّرَٰطَ ٱلْمُسْتَقِيمَ,V,ه د ي,পথ দেখানো,হাদা,,,,
19,L1-05,19,ٱهْدِنَا,نَا,1:6:1,ٱهْدِنَا ٱلصِّرَٰطَ ٱلْمُسْتَقِيمَ,PRON,,"আমাদের, আমাদেরকে; আমরা",না,শব্দের শেষে জুড়ে বসে,,,
20,L1-05,20,ٱلصِّرَٰطَ,صِّرَٰطَ,1:6:2,ٱهْدِنَا ٱلصِّرَٰطَ ٱلْمُسْتَقِيمَ,N,ص ر ط,পথ,সিরাত,,,,
21,L1-05,21,ٱلْمُسْتَقِيمَ,مُسْتَقِيمَ,1:6:3,ٱهْدِنَا ٱلصِّرَٰطَ ٱلْمُسْتَقِيمَ,N,ق و م,"সরল, সোজা",মুসতাকীম,,,,
22,L1-06,22,ٱلَّذِينَ,ٱلَّذِينَ,1:7:2,صِرَٰطَ ٱلَّذِينَ أَنْعَمْتَ عَلَيْهِمْ غَيْرِ ٱلْمَغْضُوبِ عَلَيْهِمْ وَلَا ٱلضَّآلِّينَ,REL,,"যে, যারা",আল্লাযী,,,,
23,L1-06,23,أَنْعَمْتَ,أَنْعَمْ,1:7:3,صِرَٰطَ ٱلَّذِينَ أَنْعَمْتَ عَلَيْهِمْ غَيْرِ ٱلْمَغْضُوبِ عَلَيْهِمْ وَلَا ٱلضَّآلِّينَ,V,ن ع م,অনুগ্রহ করা,আন‘আমা,,,,
24,L1-06,25,عَلَيْهِمْ,عَلَيْ,1:7:4,صِرَٰطَ ٱلَّذِينَ أَنْعَمْتَ عَلَيْهِمْ غَيْرِ ٱلْمَغْضُوبِ عَلَيْهِمْ وَلَا ٱلضَّآلِّينَ,P,,"উপর, প্রতি",‘আলা,,,,
25,L1-06,27,غَيْرِ,غَيْرِ,1:7:5,صِرَٰطَ ٱلَّذِينَ أَنْعَمْتَ عَلَيْهِمْ غَيْرِ ٱلْمَغْضُوبِ عَلَيْهِمْ وَلَا ٱلضَّآلِّينَ,N,غ ي ر,"ছাড়া, নয়; ভিন্ন",গাইর,,,,
26,L1-06,28,ٱلْمَغْضُوبِ,مَغْضُوبِ,1:7:6,صِرَٰطَ ٱلَّذِينَ أَنْعَمْتَ عَلَيْهِمْ غَيْرِ ٱلْمَغْضُوبِ عَلَيْهِمْ وَلَا ٱلضَّآلِّينَ,N,غ ض ب,যার উপর ক্রোধ হয়েছে,মাগদূব,,,,
27,L1-06,29,وَلَا,لَا,1:7:8,صِرَٰطَ ٱلَّذِينَ أَنْعَمْتَ عَلَيْهِمْ غَيْرِ ٱلْمَغْضُوبِ عَلَيْهِمْ وَلَا ٱلضَّآلِّينَ,NEG,,না,লা,,,,
28,L1-06,30,ٱلضَّآلِّينَ,ضَّآلِّينَ,1:7:9,صِرَٰطَ ٱلَّذِينَ أَنْعَمْتَ عَلَيْهِمْ غَيْرِ ٱلْمَغْضُوبِ عَلَيْهِمْ وَلَا ٱلضَّآلِّينَ,N,ض ل ل,পথভ্রষ্ট,দোয়াল্লীন,,,,
29,L1-08,950,أَكْبَرُ,أَكْبَرُ,2:217:22,يَسْـَٔلُونَكَ عَنِ ٱلشَّهْرِ ٱلْحَرَامِ قِتَالٍ فِيهِ قُلْ قِتَالٌ فِيهِ كَبِيرٌ وَصَدٌّ عَن سَبِيلِ ٱللَّهِ وَكُفْرٌۢ بِهِۦ وَٱلْمَسْجِدِ ٱلْحَرَامِ وَإِخْرَاجُ أَهْلِهِۦ مِنْهُ أَكْبَرُ عِندَ ٱللَّهِ وَٱلْفِتْنَةُ أَكْبَرُ مِنَ ٱلْقَتْلِ وَلَا يَزَالُونَ يُقَـٰتِلُونَكُمْ حَتَّىٰ يَرُدُّوكُمْ عَن دِينِكُمْ إِنِ ٱسْتَطَـٰعُوا۟ وَمَن يَرْتَدِدْ مِنكُمْ عَن دِينِهِۦ فَيَمُتْ وَهُوَ كَافِرٌ فَأُو۟لَـٰٓئِكَ حَبِطَتْ أَعْمَـٰلُهُمْ فِى ٱلدُّنْيَا وَٱلْـَٔاخِرَةِ وَأُو۟لَـٰٓئِكَ أَصْحَـٰبُ ٱلنَّارِ هُمْ فِيهَا خَـٰلِدُونَ,N,ك ب ر,"সবচেয়ে বড়, অনেক বড়",আকবার,,,,
30,L1-08,261,سُبْحَـٰنَكَ,سُبْحَـٰنَ,2:32:2,قَالُوا۟ سُبْحَـٰنَكَ لَا عِلْمَ لَنَآ إِلَّا مَا عَلَّمْتَنَآ إِنَّكَ أَنتَ ٱلْعَلِيمُ ٱلْحَكِيمُ,N,س ب ح,পবিত্রতা,সুবহান,সুবহানা = পবিত্র …,,,
31,L1-08,72,ٱلْعَظِيمُ,عَظِيمُ,2:255:50,ٱللَّهُ لَآ إِلَـٰهَ إِلَّا هُوَ ٱلْحَىُّ ٱلْقَيُّومُ لَا تَأْخُذُهُۥ سِنَةٌ وَلَا نَوْمٌ لَّهُۥ مَا فِى ٱلسَّمَـٰوَٰتِ وَمَا فِى ٱلْأَرْضِ مَن ذَا ٱلَّذِى يَشْفَعُ عِندَهُۥٓ إِلَّا بِإِذْنِهِۦ يَعْلَمُ مَا بَيْنَ أَيْدِيهِمْ وَمَا خَلْفَهُمْ وَلَا يُحِيطُونَ بِشَىْءٍ مِّنْ عِلْمِهِۦٓ إِلَّا بِمَا شَآءَ وَسِعَ كُرْسِيُّهُ ٱلسَّمَـٰوَٰتِ وَٱلْأَرْضَ وَلَا يَـُٔودُهُۥ حِفْظُهُمَا وَهُوَ ٱلْعَلِىُّ ٱلْعَظِيمُ,N,ع ظ م,মহান,আযীম,,,,
32,L1-08,3042,ٱلْأَعْلَى,أَعْلَى,87:1:4,سَبِّحِ ٱسْمَ رَبِّكَ ٱلْأَعْلَى,N,ع ل و,সর্বোচ্চ,আ‘লা,,,,
33,L1-08,252,سَبِّحِ,سَبِّحِ,87:1:1,سَبِّحِ ٱسْمَ رَبِّكَ ٱلْأَعْلَى,V,س ب ح,পবিত্রতা ঘোষণা করা,সাব্বাহা,,,,
34,L1-09,75,قُلْ,قُلْ,112:1:1,قُلْ هُوَ ٱللَّهُ أَحَدٌ,V,ق و ل,বলা,কালা,,,,
35,L1-09,238,هُوَ,هُوَ,112:1:2,قُلْ هُوَ ٱللَّهُ أَحَدٌ,PRON,,"সে, তিনি",হুওয়া,,,,
36,L1-09,570,أَحَدٌ,أَحَدٌ,112:1:4,قُلْ هُوَ ٱللَّهُ أَحَدٌ,N,ا ح د,"এক, একক; কেউ",আহাদ,,,,
37,L1-09,5015,ٱلصَّمَدُ,صَّمَدُ,112:2:2,ٱللَّهُ ٱلصَّمَدُ,N,ص م د,অমুখাপেক্ষী,সামাদ,,,,
38,L1-09,65,لَمْ,لَمْ,112:3:1,لَمْ يَلِدْ وَلَمْ يُولَدْ,NEG,,না (অতীতে: করেনি),লাম,,,,
39,L1-09,2701,يَلِدْ,يَلِدْ,112:3:2,لَمْ يَلِدْ وَلَمْ يُولَدْ,V,و ل د,জন্ম দেওয়া,ওয়ালাদা,,,,
40,L1-09,5016,كُفُوًا,كُفُوًا,112:4:4,وَلَمْ يَكُن لَّهُۥ كُفُوًا أَحَدٌۢ,N,ك ف ا,"সমকক্ষ, সমতুল্য",কুফুওয়ান,,,,
41,L1-10,4990,وَٱلْعَصْرِ,عَصْرِ,103:1:1,وَٱلْعَصْرِ,N,ع ص ر,"সময়, যুগ",‘আসর,,,,
42,L1-10,58,إِنَّ,إِنَّ,103:2:1,إِنَّ ٱلْإِنسَـٰنَ لَفِى خُسْرٍ,ACC,,নিশ্চয়ই,ইন্না,,,,
43,L1-10,409,ٱلْإِنسَـٰنَ,إِنسَـٰنَ,103:2:2,إِنَّ ٱلْإِنسَـٰنَ لَفِى خُسْرٍ,N,ا ن س,মানুষ,ইনসান,,,,
44,L1-10,4580,خُسْرٍ,خُسْرٍ,103:2:4,إِنَّ ٱلْإِنسَـٰنَ لَفِى خُسْرٍ,N,خ س ر,ক্ষতি,খুসর,,,,
45,L1-10,264,إِلَّا,إِلَّا,103:3:1,إِلَّا ٱلَّذِينَ ءَامَنُوا۟ وَعَمِلُوا۟ ٱلصَّـٰلِحَـٰتِ وَتَوَاصَوْا۟ بِٱلْحَقِّ وَتَوَاصَوْا۟ بِٱلصَّبْرِ,EXP,,"তবে, ছাড়া",ইল্লা,,,,
46,L1-10,38,ءَامَنُوا۟,ءَامَنُ,103:3:3,إِلَّا ٱلَّذِينَ ءَامَنُوا۟ وَعَمِلُوا۟ ٱلصَّـٰلِحَـٰتِ وَتَوَاصَوْا۟ بِٱلْحَقِّ وَتَوَاصَوْا۟ بِٱلصَّبْرِ,V,ا م ن,"ঈমান আনা, বিশ্বাস করা",আমানা,,,,
47,L1-10,198,وَعَمِلُوا۟,عَمِلُ,103:3:4,إِلَّا ٱلَّذِينَ ءَامَنُوا۟ وَعَمِلُوا۟ ٱلصَّـٰلِحَـٰتِ وَتَوَاصَوْا۟ بِٱلْحَقِّ وَتَوَاصَوْا۟ بِٱلصَّبْرِ,V,ع م ل,কাজ করা,‘আমিলা,,,,
48,L1-10,199,ٱلصَّـٰلِحَـٰتِ,صَّـٰلِحَـٰتِ,103:3:5,إِلَّا ٱلَّذِينَ ءَامَنُوا۟ وَعَمِلُوا۟ ٱلصَّـٰلِحَـٰتِ وَتَوَاصَوْا۟ بِٱلْحَقِّ وَتَوَاصَوْا۟ بِٱلصَّبْرِ,N,ص ل ح,সৎকাজসমূহ,সালিহাত,,,,
49,L1-10,219,بِٱلْحَقِّ,حَقِّ,103:3:7,إِلَّا ٱلَّذِينَ ءَامَنُوا۟ وَعَمِلُوا۟ ٱلصَّـٰلِحَـٰتِ وَتَوَاصَوْا۟ بِٱلْحَقِّ وَتَوَاصَوْا۟ بِٱلصَّبْرِ,N,ح ق ق,সত্য,হাক্ক,,,,
50,L1-10,333,بِٱلصَّبْرِ,صَّبْرِ,103:3:9,إِلَّا ٱلَّذِينَ ءَامَنُوا۟ وَعَمِلُوا۟ ٱلصَّـٰلِحَـٰتِ وَتَوَاصَوْا۟ بِٱلْحَقِّ وَتَوَاصَوْا۟ بِٱلصَّبْرِ,N,ص ب ر,ধৈর্য,সবর,,,,
51,L2-11,43,مِن,مِن,2:4:8,وَٱلَّذِينَ يُؤْمِنُونَ بِمَآ أُنزِلَ إِلَيْكَ وَمَآ أُنزِلَ مِن قَبْلِكَ وَبِٱلْـَٔاخِرَةِ هُمْ يُوقِنُونَ,P,,থেকে,,,,,
52,L2-11,34,فِيهِ,فِي,2:2:5,ذَٰلِكَ ٱلْكِتَـٰبُ لَا رَيْبَ فِيهِ هُدًى لِّلْمُتَّقِينَ,P,,"মধ্যে, -তে",,,,,
53,L2-11,50,إِلَيْكَ,إِلَيْ,2:4:5,وَٱلَّذِينَ يُؤْمِنُونَ بِمَآ أُنزِلَ إِلَيْكَ وَمَآ أُنزِلَ مِن قَبْلِكَ وَبِٱلْـَٔاخِرَةِ هُمْ يُوقِنُونَ,P,,"দিকে, প্রতি",,,,,
54,L2-11,287,عَنْهَا,عَنْ,2:36:3,فَأَزَلَّهُمَا ٱلشَّيْطَـٰنُ عَنْهَا فَأَخْرَجَهُمَا مِمَّا كَانَا فِيهِ وَقُلْنَا ٱهْبِطُوا۟ بَعْضُكُمْ لِبَعْضٍ عَدُوٌّ وَلَكُمْ فِى ٱلْأَرْضِ مُسْتَقَرٌّ وَمَتَـٰعٌ إِلَىٰ حِينٍ,P,,থেকে; সম্পর্কে,,,,,
55,L2-12,460,هِىَ,هِىَ,2:68:8,قَالُوا۟ ٱدْعُ لَنَا رَبَّكَ يُبَيِّن لَّنَا مَا هِىَ قَالَ إِنَّهُۥ يَقُولُ إِنَّهَا بَقَرَةٌ لَّا فَارِضٌ وَلَا بِكْرٌ عَوَانٌۢ بَيْنَ ذَٰلِكَ فَٱفْعَلُوا۟ مَا تُؤْمَرُونَ,PRON,,সে (নারী); এটি,,,,,
56,L2-12,54,هُمُ,هُمُ,2:5:7,أُو۟لَـٰٓئِكَ عَلَىٰ هُدًى مِّن رَّبِّهِمْ وَأُو۟لَـٰٓئِكَ هُمُ ٱلْمُفْلِحُونَ,PRON,,তারা,,,,,
57,L2-12,265,أَنتَ,أَنتَ,2:32:10,قَالُوا۟ سُبْحَـٰنَكَ لَا عِلْمَ لَنَآ إِلَّا مَا عَلَّمْتَنَآ إِنَّكَ أَنتَ ٱلْعَلِيمُ ٱلْحَكِيمُ,PRON,,"তুমি, আপনি (একজন পুরুষ)",,,,,
58,L2-12,178,وَأَنتُمْ,أَنتُمْ,2:22:22,ٱلَّذِى جَعَلَ لَكُمُ ٱلْأَرْضَ فِرَٰشًا وَٱلسَّمَآءَ بِنَآءً وَأَنزَلَ مِنَ ٱلسَّمَآءِ مَآءً فَأَخْرَجَ بِهِۦ مِنَ ٱلثَّمَرَٰتِ رِزْقًا لَّكُمْ فَلَا تَجْعَلُوا۟ لِلَّهِ أَندَادًا وَأَنتُمْ تَعْلَمُونَ,PRON,,"তোমরা, আপনারা",,,,,
59,L2-12,756,وَأَنَا,أَنَا,2:160:9,إِلَّا ٱلَّذِينَ تَابُوا۟ وَأَصْلَحُوا۟ وَبَيَّنُوا۟ فَأُو۟لَـٰٓئِكَ أَتُوبُ عَلَيْهِمْ وَأَنَا ٱلتَّوَّابُ ٱلرَّحِيمُ,PRON,,আমি,,,,,
60,L2-12,95,نَحْنُ,نَحْنُ,2:11:10,وَإِذَا قِيلَ لَهُمْ لَا تُفْسِدُوا۟ فِى ٱلْأَرْضِ قَالُوٓا۟ إِنَّمَا نَحْنُ مُصْلِحُونَ,PRON,,আমরা,,,,,
61,L2-13,35,فِيهِ,هِ,2:2:5,ذَٰلِكَ ٱلْكِتَـٰبُ لَا رَيْبَ فِيهِ هُدًى لِّلْمُتَّقِينَ,PRON,,"তার, তাকে",,শব্দের শেষে জুড়ে বসে,,,
62,L2-13,26,رَّبِّهِمْ,هِمْ,2:5:5,أُو۟لَـٰٓئِكَ عَلَىٰ هُدًى مِّن رَّبِّهِمْ وَأُو۟لَـٰٓئِكَ هُمُ ٱلْمُفْلِحُونَ,PRON,,"তাদের, তাদেরকে",,শব্দের শেষে জুড়ে বসে,,,
63,L2-13,51,رَبُّكَ,كَ,2:30:3,وَإِذْ قَالَ رَبُّكَ لِلْمَلَـٰٓئِكَةِ إِنِّى جَاعِلٌ فِى ٱلْأَرْضِ خَلِيفَةً قَالُوٓا۟ أَتَجْعَلُ فِيهَا مَن يُفْسِدُ فِيهَا وَيَسْفِكُ ٱلدِّمَآءَ وَنَحْنُ نُسَبِّحُ بِحَمْدِكَ وَنُقَدِّسُ لَكَ قَالَ إِنِّىٓ أَعْلَمُ مَا لَا تَعْلَمُونَ,PRON,,"তোমার, তোমাকে",,শব্দের শেষে জুড়ে বসে,,,
64,L2-13,111,رَبَّكُمُ,كُمُ,2:21:4,يَـٰٓأَيُّهَا ٱلنَّاسُ ٱعْبُدُوا۟ رَبَّكُمُ ٱلَّذِى خَلَقَكُمْ وَٱلَّذِينَ مِن قَبْلِكُمْ لَعَلَّكُمْ تَتَّقُونَ,PRON,,"তোমাদের, তোমাদেরকে",,শব্দের শেষে জুড়ে বসে,,,
65,L2-13,247,إِنِّى,ى,2:30:5,وَإِذْ قَالَ رَبُّكَ لِلْمَلَـٰٓئِكَةِ إِنِّى جَاعِلٌ فِى ٱلْأَرْضِ خَلِيفَةً قَالُوٓا۟ أَتَجْعَلُ فِيهَا مَن يُفْسِدُ فِيهَا وَيَسْفِكُ ٱلدِّمَآءَ وَنَحْنُ نُسَبِّحُ بِحَمْدِكَ وَنُقَدِّسُ لَكَ قَالَ إِنِّىٓ أَعْلَمُ مَا لَا تَعْلَمُونَ,PRON,,আমার,,শব্দের শেষে জুড়ে বসে,,,
66,L2-14,206,هَـٰذَا,هَـٰذَا,2:25:20,وَبَشِّرِ ٱلَّذِينَ ءَامَنُوا۟ وَعَمِلُوا۟ ٱلصَّـٰلِحَـٰتِ أَنَّ لَهُمْ جَنَّـٰتٍ تَجْرِى مِن تَحْتِهَا ٱلْأَنْهَـٰرُ كُلَّمَا رُزِقُوا۟ مِنْهَا مِن ثَمَرَةٍ رِّزْقًا قَالُوا۟ هَـٰذَا ٱلَّذِى رُزِقْنَا مِن قَبْلُ وَأُتُوا۟ بِهِۦ مُتَشَـٰبِهًا وَلَهُمْ فِيهَآ أَزْوَٰجٌ مُّطَهَّرَةٌ وَهُمْ فِيهَا خَـٰلِدُونَ,DEM,,"এটা, এই",,নারীবাচক রূপও এই শব্দের,,,
67,L2-14,31,ذَٰلِكَ,ذَٰلِكَ,2:2:1,ذَٰلِكَ ٱلْكِتَـٰبُ لَا رَيْبَ فِيهِ هُدًى لِّلْمُتَّقِينَ,DEM,,"ওটা, ঐ",,নারীবাচক রূপও এই শব্দের,,,
68,L2-14,56,أُو۟لَـٰٓئِكَ,أُو۟لَـٰٓئِكَ,2:5:1,أُو۟لَـٰٓئِكَ عَلَىٰ هُدًى مِّن رَّبِّهِمْ وَأُو۟لَـٰٓئِكَ هُمُ ٱلْمُفْلِحُونَ,DEM,,"ওরা, ঐসব",,,,,
69,L2-15,32,ٱلْكِتَـٰبُ,كِتَـٰبُ,2:2:2,ذَٰلِكَ ٱلْكِتَـٰبُ لَا رَيْبَ فِيهِ هُدًى لِّلْمُتَّقِينَ,N,ك ت ب,"কিতাব, বই",,,,,
70,L2-15,36,هُدًى,هُدًى,2:2:6,ذَٰلِكَ ٱلْكِتَـٰبُ لَا رَيْبَ فِيهِ هُدًى لِّلْمُتَّقِينَ,N,ه د ي,"পথনির্দেশ, হিদায়াত",,,,,
71,L2-15,37,لِّلْمُتَّقِينَ,مُتَّقِينَ,2:2:7,ذَٰلِكَ ٱلْكِتَـٰبُ لَا رَيْبَ فِيهِ هُدًى لِّلْمُتَّقِينَ,N,و ق ي,"মুত্তাকি, আল্লাহভীরু",,,,,
72,L2-15,33,رَيْبَ,رَيْبَ,2:2:4,ذَٰلِكَ ٱلْكِتَـٰبُ لَا رَيْبَ فِيهِ هُدًى لِّلْمُتَّقِينَ,N,ر ي ب,সন্দেহ,,,,,
73,L2-16,631,مَن,مَن,2:255:20,ٱللَّهُ لَآ إِلَـٰهَ إِلَّا هُوَ ٱلْحَىُّ ٱلْقَيُّومُ لَا تَأْخُذُهُۥ سِنَةٌ وَلَا نَوْمٌ لَّهُۥ مَا فِى ٱلسَّمَـٰوَٰتِ وَمَا فِى ٱلْأَرْضِ مَن ذَا ٱلَّذِى يَشْفَعُ عِندَهُۥٓ إِلَّا بِإِذْنِهِۦ يَعْلَمُ مَا بَيْنَ أَيْدِيهِمْ وَمَا خَلْفَهُمْ وَلَا يُحِيطُونَ بِشَىْءٍ مِّنْ عِلْمِهِۦٓ إِلَّا بِمَا شَآءَ وَسِعَ كُرْسِيُّهُ ٱلسَّمَـٰوَٰتِ وَٱلْأَرْضَ وَلَا يَـُٔودُهُۥ حِفْظُهُمَا وَهُوَ ٱلْعَلِىُّ ٱلْعَظِيمُ,INTG,,কে?,,,,,
74,L2-16,459,وَمَآ,مَآ,101:3:1,وَمَآ أَدْرَىٰكَ مَا ٱلْقَارِعَةُ,INTG,,কী?,,,,,
75,L2-16,220,مَاذَآ,مَاذَآ,2:26:24,إِنَّ ٱللَّهَ لَا يَسْتَحْىِۦٓ أَن يَضْرِبَ مَثَلًا مَّا بَعُوضَةً فَمَا فَوْقَهَا فَأَمَّا ٱلَّذِينَ ءَامَنُوا۟ فَيَعْلَمُونَ أَنَّهُ ٱلْحَقُّ مِن رَّبِّهِمْ وَأَمَّا ٱلَّذِينَ كَفَرُوا۟ فَيَقُولُونَ مَاذَآ أَرَادَ ٱللَّهُ بِهَـٰذَا مَثَلًا يُضِلُّ بِهِۦ كَثِيرًا وَيَهْدِى بِهِۦ كَثِيرًا وَمَا يُضِلُّ بِهِۦٓ إِلَّا ٱلْفَـٰسِقِينَ,INTG,,কী?,,,,,
76,L2-16,233,كَيْفَ,كَيْفَ,2:28:1,كَيْفَ تَكْفُرُونَ بِٱللَّهِ وَكُنتُمْ أَمْوَٰتًا فَأَحْيَـٰكُمْ ثُمَّ يُمِيتُكُمْ ثُمَّ يُحْيِيكُمْ ثُمَّ إِلَيْهِ تُرْجَعُونَ,INTG,ك ي ف,কীভাবে?,,,,,
77,L2-16,930,هَلْ,هَلْ,88:1:1,هَلْ أَتَىٰكَ حَدِيثُ ٱلْغَـٰشِيَةِ,INTG,,কি? (হ্যাঁ/না প্রশ্ন),,,,,
78,L2-17,76,وَمَا,مَا,2:8:9,وَمِنَ ٱلنَّاسِ مَن يَقُولُ ءَامَنَّا بِٱللَّهِ وَبِٱلْيَوْمِ ٱلْـَٔاخِرِ وَمَا هُم بِمُؤْمِنِينَ,NEG,,না,,,,,
79,L2-17,192,وَلَن,لَن,2:24:4,فَإِن لَّمْ تَفْعَلُوا۟ وَلَن تَفْعَلُوا۟ فَٱتَّقُوا۟ ٱلنَّارَ ٱلَّتِى وَقُودُهَا ٱلنَّاسُ وَٱلْحِجَارَةُ أُعِدَّتْ لِلْكَـٰفِرِينَ,NEG,,কখনো না (ভবিষ্যতে),,,,,
80,L2-17,628,لَيْسَ,لَيْسَ,2:198:1,لَيْسَ عَلَيْكُمْ جُنَاحٌ أَن تَبْتَغُوا۟ فَضْلًا مِّن رَّبِّكُمْ فَإِذَآ أَفَضْتُم مِّنْ عَرَفَـٰتٍ فَٱذْكُرُوا۟ ٱللَّهَ عِندَ ٱلْمَشْعَرِ ٱلْحَرَامِ وَٱذْكُرُوهُ كَمَا هَدَىٰكُمْ وَإِن كُنتُم مِّن قَبْلِهِۦ لَمِنَ ٱلضَّآلِّينَ,V,ل ي س,নয়,,,,,
81,L2-18,200,أَنَّ,أَنَّ,2:25:6,وَبَشِّرِ ٱلَّذِينَ ءَامَنُوا۟ وَعَمِلُوا۟ ٱلصَّـٰلِحَـٰتِ أَنَّ لَهُمْ جَنَّـٰتٍ تَجْرِى مِن تَحْتِهَا ٱلْأَنْهَـٰرُ كُلَّمَا رُزِقُوا۟ مِنْهَا مِن ثَمَرَةٍ رِّزْقًا قَالُوا۟ هَـٰذَا ٱلَّذِى رُزِقْنَا مِن قَبْلُ وَأُتُوا۟ بِهِۦ مُتَشَـٰبِهًا وَلَهُمْ فِيهَآ أَزْوَٰجٌ مُّطَهَّرَةٌ وَهُمْ فِيهَا خَـٰلِدُونَ,ACC,,যে (নিশ্চয়ই যে),,,,,
82,L2-18,408,قَدْ,قَدْ,2:144:1,قَدْ نَرَىٰ تَقَلُّبَ وَجْهِكَ فِى ٱلسَّمَآءِ فَلَنُوَلِّيَنَّكَ قِبْلَةً تَرْضَىٰهَا فَوَلِّ وَجْهَكَ شَطْرَ ٱلْمَسْجِدِ ٱلْحَرَامِ وَحَيْثُ مَا كُنتُمْ فَوَلُّوا۟ وُجُوهَكُمْ شَطْرَهُۥ وَإِنَّ ٱلَّذِينَ أُوتُوا۟ ٱلْكِتَـٰبَ لَيَعْلَمُونَ أَنَّهُ ٱلْحَقُّ مِن رَّبِّهِمْ وَمَا ٱللَّهُ بِغَـٰفِلٍ عَمَّا يَعْمَلُونَ,CERT,,"অবশ্যই, ইতিমধ্যে",,,,,
83,L2-18,160,كُلِّ,كُلِّ,2:20:23,يَكَادُ ٱلْبَرْقُ يَخْطَفُ أَبْصَـٰرَهُمْ كُلَّمَآ أَضَآءَ لَهُم مَّشَوْا۟ فِيهِ وَإِذَآ أَظْلَمَ عَلَيْهِمْ قَامُوا۟ وَلَوْ شَآءَ ٱللَّهُ لَذَهَبَ بِسَمْعِهِمْ وَأَبْصَـٰرِهِمْ إِنَّ ٱللَّهَ عَلَىٰ كُلِّ شَىْءٍ قَدِيرٌ,N,ك ل ل,"সব, প্রত্যেক",,,,,
84,L2-18,161,شَىْءٍ,شَىْءٍ,2:20:24,يَكَادُ ٱلْبَرْقُ يَخْطَفُ أَبْصَـٰرَهُمْ كُلَّمَآ أَضَآءَ لَهُم مَّشَوْا۟ فِيهِ وَإِذَآ أَظْلَمَ عَلَيْهِمْ قَامُوا۟ وَلَوْ شَآءَ ٱللَّهُ لَذَهَبَ بِسَمْعِهِمْ وَأَبْصَـٰرِهِمْ إِنَّ ٱللَّهَ عَلَىٰ كُلِّ شَىْءٍ قَدِيرٌ,N,ش ي ا,"জিনিস, বস্তু",,,,,
85,L2-18,162,قَدِيرٌ,قَدِيرٌ,2:20:25,يَكَادُ ٱلْبَرْقُ يَخْطَفُ أَبْصَـٰرَهُمْ كُلَّمَآ أَضَآءَ لَهُم مَّشَوْا۟ فِيهِ وَإِذَآ أَظْلَمَ عَلَيْهِمْ قَامُوا۟ وَلَوْ شَآءَ ٱللَّهُ لَذَهَبَ بِسَمْعِهِمْ وَأَبْصَـٰرِهِمْ إِنَّ ٱللَّهَ عَلَىٰ كُلِّ شَىْءٍ قَدِيرٌ,N,ق د ر,ক্ষমতাবান,,,,,
86,L2-19,244,عَلِيمٌ,عَلِيمٌ,2:29:19,هُوَ ٱلَّذِى خَلَقَ لَكُم مَّا فِى ٱلْأَرْضِ جَمِيعًا ثُمَّ ٱسْتَوَىٰٓ إِلَى ٱلسَّمَآءِ فَسَوَّىٰهُنَّ سَبْعَ سَمَـٰوَٰتٍ وَهُوَ بِكُلِّ شَىْءٍ عَلِيمٌ,N,ع ل م,সর্বজ্ঞ,,,,,
87,L2-19,266,ٱلْحَكِيمُ,حَكِيمُ,2:32:12,قَالُوا۟ سُبْحَـٰنَكَ لَا عِلْمَ لَنَآ إِلَّا مَا عَلَّمْتَنَآ إِنَّكَ أَنتَ ٱلْعَلِيمُ ٱلْحَكِيمُ,N,ح ك م,প্রজ্ঞাময়,,,,,
88,L2-19,795,غَفُورٌ,غَفُورٌ,2:173:24,إِنَّمَا حَرَّمَ عَلَيْكُمُ ٱلْمَيْتَةَ وَٱلدَّمَ وَلَحْمَ ٱلْخِنزِيرِ وَمَآ أُهِلَّ بِهِۦ لِغَيْرِ ٱللَّهِ فَمَنِ ٱضْطُرَّ غَيْرَ بَاغٍ وَلَا عَادٍ فَلَآ إِثْمَ عَلَيْهِ إِنَّ ٱللَّهَ غَفُورٌ رَّحِيمٌ,N,غ ف ر,ক্ষমাশীল,,,,,
89,L2-19,685,ٱلسَّمِيعُ,سَّمِيعُ,2:127:13,وَإِذْ يَرْفَعُ إِبْرَٰهِـۧمُ ٱلْقَوَاعِدَ مِنَ ٱلْبَيْتِ وَإِسْمَـٰعِيلُ رَبَّنَا تَقَبَّلْ مِنَّآ إِنَّكَ أَنتَ ٱلسَّمِيعُ ٱلْعَلِيمُ,N,س م ع,সর্বশ্রোতা,,,,,
90,L2-19,576,بَصِيرٌۢ,بَصِيرٌۢ,2:96:23,وَلَتَجِدَنَّهُمْ أَحْرَصَ ٱلنَّاسِ عَلَىٰ حَيَوٰةٍ وَمِنَ ٱلَّذِينَ أَشْرَكُوا۟ يَوَدُّ أَحَدُهُمْ لَوْ يُعَمَّرُ أَلْفَ سَنَةٍ وَمَا هُوَ بِمُزَحْزِحِهِۦ مِنَ ٱلْعَذَابِ أَن يُعَمَّرَ وَٱللَّهُ بَصِيرٌۢ بِمَا يَعْمَلُونَ,N,ب ص ر,সর্বদ্রষ্টা,,,,,
91,L2-20,41,وَيُقِيمُونَ,يُقِيمُ,2:3:4,ٱلَّذِينَ يُؤْمِنُونَ بِٱلْغَيْبِ وَيُقِيمُونَ ٱلصَّلَوٰةَ وَمِمَّا رَزَقْنَـٰهُمْ يُنفِقُونَ,V,ق و م,"কায়েম করা, প্রতিষ্ঠা করা",,,,,
92,L2-20,42,ٱلصَّلَوٰةَ,صَّلَوٰةَ,2:3:5,ٱلَّذِينَ يُؤْمِنُونَ بِٱلْغَيْبِ وَيُقِيمُونَ ٱلصَّلَوٰةَ وَمِمَّا رَزَقْنَـٰهُمْ يُنفِقُونَ,N,ص ل و,"সালাত, নামাজ",,,,,
93,L2-20,45,رَزَقْنَـٰهُمْ,رَزَقْ,2:3:7,ٱلَّذِينَ يُؤْمِنُونَ بِٱلْغَيْبِ وَيُقِيمُونَ ٱلصَّلَوٰةَ وَمِمَّا رَزَقْنَـٰهُمْ يُنفِقُونَ,V,ر ز ق,রিজিক দেওয়া,,,,,
94,L2-20,47,يُنفِقُونَ,يُنفِقُ,2:3:8,ٱلَّذِينَ يُؤْمِنُونَ بِٱلْغَيْبِ وَيُقِيمُونَ ٱلصَّلَوٰةَ وَمِمَّا رَزَقْنَـٰهُمْ يُنفِقُونَ,V,ن ف ق,খরচ করা,,,,,
95,L3-21,88,كَانَ,كَانَ,2:75:6,أَفَتَطْمَعُونَ أَن يُؤْمِنُوا۟ لَكُمْ وَقَدْ كَانَ فَرِيقٌ مِّنْهُمْ يَسْمَعُونَ كَلَـٰمَ ٱللَّهِ ثُمَّ يُحَرِّفُونَهُۥ مِنۢ بَعْدِ مَا عَقَلُوهُ وَهُمْ يَعْلَمُونَ,V,ك و ن,ছিল; হওয়া,,,,,
96,L3-21,143,جَعَلَ,جَعَلَ,2:22:2,ٱلَّذِى جَعَلَ لَكُمُ ٱلْأَرْضَ فِرَٰشًا وَٱلسَّمَآءَ بِنَآءً وَأَنزَلَ مِنَ ٱلسَّمَآءِ مَآءً فَأَخْرَجَ بِهِۦ مِنَ ٱلثَّمَرَٰتِ رِزْقًا لَّكُمْ فَلَا تَجْعَلُوا۟ لِلَّهِ أَندَادًا وَأَنتُمْ تَعْلَمُونَ,V,ج ع ل,"বানানো, করা",,,,,
97,L3-21,165,خَلَقَ,خَلَقَ,96:2:1,خَلَقَ ٱلْإِنسَـٰنَ مِنْ عَلَقٍ,V,خ ل ق,সৃষ্টি করা,,,,,
98,L3-22,60,قَالُوٓا۟,وٓا۟,2:11:8,وَإِذَا قِيلَ لَهُمْ لَا تُفْسِدُوا۟ فِى ٱلْأَرْضِ قَالُوٓا۟ إِنَّمَا نَحْنُ مُصْلِحُونَ,PRON,,তারা (অতীতে করল),,অতীত ক্রিয়ার শেষে,,,
99,L3-22,24,أَنْعَمْتَ,تَ,1:7:3,صِرَٰطَ ٱلَّذِينَ أَنْعَمْتَ عَلَيْهِمْ غَيْرِ ٱلْمَغْضُوبِ عَلَيْهِمْ وَلَا ٱلضَّآلِّينَ,PRON,,তুমি (অতীতে করলে),,অতীত ক্রিয়ার শেষে,,,
100,L3-22,312,أَنْعَمْتُ,تُ,2:40:6,يَـٰبَنِىٓ إِسْرَٰٓءِيلَ ٱذْكُرُوا۟ نِعْمَتِىَ ٱلَّتِىٓ أَنْعَمْتُ عَلَيْكُمْ وَأَوْفُوا۟ بِعَهْدِىٓ أُوفِ بِعَهْدِكُمْ وَإِيَّـٰىَ فَٱرْهَبُونِ,PRON,,আমি (অতীতে করলাম),,অতীত ক্রিয়ার শেষে,,,
101,L3-23,105,يَعْلَمُونَ,يَعْلَمُ,2:13:19,وَإِذَا قِيلَ لَهُمْ ءَامِنُوا۟ كَمَآ ءَامَنَ ٱلنَّاسُ قَالُوٓا۟ أَنُؤْمِنُ كَمَآ ءَامَنَ ٱلسُّفَهَآءُ أَلَآ إِنَّهُمْ هُمُ ٱلسُّفَهَآءُ وَلَـٰكِن لَّا يَعْلَمُونَ,V,ع ل م,জানা,,,,,
102,L3-23,39,يُؤْمِنُونَ,ونَ,2:3:2,ٱلَّذِينَ يُؤْمِنُونَ بِٱلْغَيْبِ وَيُقِيمُونَ ٱلصَّلَوٰةَ وَمِمَّا رَزَقْنَـٰهُمْ يُنفِقُونَ,PRON,,তারা (করে),,বর্তমান ক্রিয়ার শেষে,,,
103,L3-24,167,تَتَّقُونَ,تَتَّقُ,2:21:11,يَـٰٓأَيُّهَا ٱلنَّاسُ ٱعْبُدُوا۟ رَبَّكُمُ ٱلَّذِى خَلَقَكُمْ وَٱلَّذِينَ مِن قَبْلِكُمْ لَعَلَّكُمْ تَتَّقُونَ,V,و ق ي,তাকওয়া অবলম্বন করা,,,,,
104,L3-24,187,وَٱدْعُوا۟,ٱدْعُ,2:23:13,وَإِن كُنتُمْ فِى رَيْبٍ مِّمَّا نَزَّلْنَا عَلَىٰ عَبْدِنَا فَأْتُوا۟ بِسُورَةٍ مِّن مِّثْلِهِۦ وَٱدْعُوا۟ شُهَدَآءَكُم مِّن دُونِ ٱللَّهِ إِن كُنتُمْ صَـٰدِقِينَ,V,د ع و,"ডাকা, দোয়া করা",,,,,
105,L3-24,164,يَـٰٓأَيُّهَا,يَـٰٓ,2:21:1,يَـٰٓأَيُّهَا ٱلنَّاسُ ٱعْبُدُوا۟ رَبَّكُمُ ٱلَّذِى خَلَقَكُمْ وَٱلَّذِينَ مِن قَبْلِكُمْ لَعَلَّكُمْ تَتَّقُونَ,VOC,,হে (ডাকার শব্দ),,শব্দের শুরুতে জুড়ে বসে,,,
106,L3-24,163,يَـٰٓأَيُّهَا,أَيُّهَا,2:21:1,يَـٰٓأَيُّهَا ٱلنَّاسُ ٱعْبُدُوا۟ رَبَّكُمُ ٱلَّذِى خَلَقَكُمْ وَٱلَّذِينَ مِن قَبْلِكُمْ لَعَلَّكُمْ تَتَّقُونَ,N,,ডাকার সাথে বসে (হে …),,,,,
107,L3-24,93,ٱعْبُدُوا۟,وا۟,2:21:3,يَـٰٓأَيُّهَا ٱلنَّاسُ ٱعْبُدُوا۟ رَبَّكُمُ ٱلَّذِى خَلَقَكُمْ وَٱلَّذِينَ مِن قَبْلِكُمْ لَعَلَّكُمْ تَتَّقُونَ,PRON,,তোমরা (আদেশ: করো),,আদেশ ক্রিয়ার শেষে,,,
108,L3-25,59,كَفَرَ,كَفَرَ,2:102:9,وَٱتَّبَعُوا۟ مَا تَتْلُوا۟ ٱلشَّيَـٰطِينُ عَلَىٰ مُلْكِ سُلَيْمَـٰنَ وَمَا كَفَرَ سُلَيْمَـٰنُ وَلَـٰكِنَّ ٱلشَّيَـٰطِينَ كَفَرُوا۟ يُعَلِّمُونَ ٱلنَّاسَ ٱلسِّحْرَ وَمَآ أُنزِلَ عَلَى ٱلْمَلَكَيْنِ بِبَابِلَ هَـٰرُوتَ وَمَـٰرُوتَ وَمَا يُعَلِّمَانِ مِنْ أَحَدٍ حَتَّىٰ يَقُولَآ إِنَّمَا نَحْنُ فِتْنَةٌ فَلَا تَكْفُرْ فَيَتَعَلَّمُونَ مِنْهُمَا مَا يُفَرِّقُونَ بِهِۦ بَيْنَ ٱلْمَرْءِ وَزَوْجِهِۦ وَمَا هُم بِضَآرِّينَ بِهِۦ مِنْ أَحَدٍ إِلَّا بِإِذْنِ ٱللَّهِ وَيَتَعَلَّمُونَ مَا يَضُرُّهُمْ وَلَا يَنفَعُهُمْ وَلَقَدْ عَلِمُوا۟ لَمَنِ ٱشْتَرَىٰهُ مَا لَهُۥ فِى ٱلْـَٔاخِرَةِ مِنْ خَلَـٰقٍ وَلَبِئْسَ مَا شَرَوْا۟ بِهِۦٓ أَنفُسَهُمْ لَوْ كَانُوا۟ يَعْلَمُونَ,V,ك ف ر,"অস্বীকার করা, কুফরি করা",,,,,
109,L3-25,201,جَنَّـٰتٍ,جَنَّـٰتٍ,2:25:8,وَبَشِّرِ ٱلَّذِينَ ءَامَنُوا۟ وَعَمِلُوا۟ ٱلصَّـٰلِحَـٰتِ أَنَّ لَهُمْ جَنَّـٰتٍ تَجْرِى مِن تَحْتِهَا ٱلْأَنْهَـٰرُ كُلَّمَا رُزِقُوا۟ مِنْهَا مِن ثَمَرَةٍ رِّزْقًا قَالُوا۟ هَـٰذَا ٱلَّذِى رُزِقْنَا مِن قَبْلُ وَأُتُوا۟ بِهِۦ مُتَشَـٰبِهًا وَلَهُمْ فِيهَآ أَزْوَٰجٌ مُّطَهَّرَةٌ وَهُمْ فِيهَا خَـٰلِدُونَ,N,ج ن ن,জান্নাত; বাগান,,,,,
110,L3-25,124,ٱلنَّارَ,نَّارَ,2:24:7,فَإِن لَّمْ تَفْعَلُوا۟ وَلَن تَفْعَلُوا۟ فَٱتَّقُوا۟ ٱلنَّارَ ٱلَّتِى وَقُودُهَا ٱلنَّاسُ وَٱلْحِجَارَةُ أُعِدَّتْ لِلْكَـٰفِرِينَ,N,ن و ر,আগুন,,,,,
111,L3-25,437,أَجْرُهُمْ,أَجْرُ,2:62:16,إِنَّ ٱلَّذِينَ ءَامَنُوا۟ وَٱلَّذِينَ هَادُوا۟ وَٱلنَّصَـٰرَىٰ وَٱلصَّـٰبِـِٔينَ مَنْ ءَامَنَ بِٱللَّهِ وَٱلْيَوْمِ ٱلْـَٔاخِرِ وَعَمِلَ صَـٰلِحًا فَلَهُمْ أَجْرُهُمْ عِندَ رَبِّهِمْ وَلَا خَوْفٌ عَلَيْهِمْ وَلَا هُمْ يَحْزَنُونَ,N,ا ج ر,"প্রতিদান, পুরস্কার",,,,,
112,L3-26,262,عِلْمِهِۦٓ,عِلْمِ,2:255:37,ٱللَّهُ لَآ إِلَـٰهَ إِلَّا هُوَ ٱلْحَىُّ ٱلْقَيُّومُ لَا تَأْخُذُهُۥ سِنَةٌ وَلَا نَوْمٌ لَّهُۥ مَا فِى ٱلسَّمَـٰوَٰتِ وَمَا فِى ٱلْأَرْضِ مَن ذَا ٱلَّذِى يَشْفَعُ عِندَهُۥٓ إِلَّا بِإِذْنِهِۦ يَعْلَمُ مَا بَيْنَ أَيْدِيهِمْ وَمَا خَلْفَهُمْ وَلَا يُحِيطُونَ بِشَىْءٍ مِّنْ عِلْمِهِۦٓ إِلَّا بِمَا شَآءَ وَسِعَ كُرْسِيُّهُ ٱلسَّمَـٰوَٰتِ وَٱلْأَرْضَ وَلَا يَـُٔودُهُۥ حِفْظُهُمَا وَهُوَ ٱلْعَلِىُّ ٱلْعَظِيمُ,N,ع ل م,জ্ঞান,,,,,
113,L3-26,712,أَعْلَمُ,أَعْلَمُ,2:140:15,أَمْ تَقُولُونَ إِنَّ إِبْرَٰهِـۧمَ وَإِسْمَـٰعِيلَ وَإِسْحَـٰقَ وَيَعْقُوبَ وَٱلْأَسْبَاطَ كَانُوا۟ هُودًا أَوْ نَصَـٰرَىٰ قُلْ ءَأَنتُمْ أَعْلَمُ أَمِ ٱللَّهُ وَمَنْ أَظْلَمُ مِمَّن كَتَمَ شَهَـٰدَةً عِندَهُۥ مِنَ ٱللَّهِ وَمَا ٱللَّهُ بِغَـٰفِلٍ عَمَّا تَعْمَلُونَ,N,ع ل م,বেশি জানেন,,,,,
114,L3-26,255,عَلَّمَ,عَلَّمَ,96:5:1,عَلَّمَ ٱلْإِنسَـٰنَ مَا لَمْ يَعْلَمْ,V,ع ل م,শিক্ষা দেওয়া,,,,,
115,L3-27,505,كُتِبَ,كُتِبَ,2:183:4,يَـٰٓأَيُّهَا ٱلَّذِينَ ءَامَنُوا۟ كُتِبَ عَلَيْكُمُ ٱلصِّيَامُ كَمَا كُتِبَ عَلَى ٱلَّذِينَ مِن قَبْلِكُمْ لَعَلَّكُمْ تَتَّقُونَ,V,ك ت ب,লেখা; নির্ধারণ করা,,,,,
116,L3-27,824,ٱلصِّيَامُ,صِّيَامُ,2:183:6,يَـٰٓأَيُّهَا ٱلَّذِينَ ءَامَنُوا۟ كُتِبَ عَلَيْكُمُ ٱلصِّيَامُ كَمَا كُتِبَ عَلَى ٱلَّذِينَ مِن قَبْلِكُمْ لَعَلَّكُمْ تَتَّقُونَ,N,ص و م,"রোজা, সিয়াম",,,,,
117,L3-27,166,لَعَلَّكُمْ,لَعَلَّ,2:183:13,يَـٰٓأَيُّهَا ٱلَّذِينَ ءَامَنُوا۟ كُتِبَ عَلَيْكُمُ ٱلصِّيَامُ كَمَا كُتِبَ عَلَى ٱلَّذِينَ مِن قَبْلِكُمْ لَعَلَّكُمْ تَتَّقُونَ,ACC,,"যাতে, হয়তো",,,,,
118,L3-28,73,ٱلنَّاسُ,نَّاسُ,2:21:2,يَـٰٓأَيُّهَا ٱلنَّاسُ ٱعْبُدُوا۟ رَبَّكُمُ ٱلَّذِى خَلَقَكُمْ وَٱلَّذِينَ مِن قَبْلِكُمْ لَعَلَّكُمْ تَتَّقُونَ,N,ن و س,"মানুষ, লোকেরা",,,,,
119,L3-28,94,ٱلْأَرْضَ,أَرْضَ,2:22:4,ٱلَّذِى جَعَلَ لَكُمُ ٱلْأَرْضَ فِرَٰشًا وَٱلسَّمَآءَ بِنَآءً وَأَنزَلَ مِنَ ٱلسَّمَآءِ مَآءً فَأَخْرَجَ بِهِۦ مِنَ ٱلثَّمَرَٰتِ رِزْقًا لَّكُمْ فَلَا تَجْعَلُوا۟ لِلَّهِ أَندَادًا وَأَنتُمْ تَعْلَمُونَ,N,ا ر ض,"পৃথিবী, জমিন",,,,,
120,L3-28,140,وَٱلسَّمَآءَ,سَّمَآءَ,2:22:6,ٱلَّذِى جَعَلَ لَكُمُ ٱلْأَرْضَ فِرَٰشًا وَٱلسَّمَآءَ بِنَآءً وَأَنزَلَ مِنَ ٱلسَّمَآءِ مَآءً فَأَخْرَجَ بِهِۦ مِنَ ٱلثَّمَرَٰتِ رِزْقًا لَّكُمْ فَلَا تَجْعَلُوا۟ لِلَّهِ أَندَادًا وَأَنتُمْ تَعْلَمُونَ,N,س م و,আকাশ,,বহুবচন: আকাশমণ্ডলী,,,
121,L3-28,370,لِقَوْمِهِۦ,قَوْمِ,2:54:4,وَإِذْ قَالَ مُوسَىٰ لِقَوْمِهِۦ يَـٰقَوْمِ إِنَّكُمْ ظَلَمْتُمْ أَنفُسَكُم بِٱتِّخَاذِكُمُ ٱلْعِجْلَ فَتُوبُوٓا۟ إِلَىٰ بَارِئِكُمْ فَٱقْتُلُوٓا۟ أَنفُسَكُمْ ذَٰلِكُمْ خَيْرٌ لَّكُمْ عِندَ بَارِئِكُمْ فَتَابَ عَلَيْكُمْ إِنَّهُۥ هُوَ ٱلتَّوَّابُ ٱلرَّحِيمُ,N,ق و م,"জাতি, সম্প্রদায়",,,,,
122,L3-29,535,ٱلدُّنْيَا,دُّنْيَا,2:85:38,ثُمَّ أَنتُمْ هَـٰٓؤُلَآءِ تَقْتُلُونَ أَنفُسَكُمْ وَتُخْرِجُونَ فَرِيقًا مِّنكُم مِّن دِيَـٰرِهِمْ تَظَـٰهَرُونَ عَلَيْهِم بِٱلْإِثْمِ وَٱلْعُدْوَٰنِ وَإِن يَأْتُوكُمْ أُسَـٰرَىٰ تُفَـٰدُوهُمْ وَهُوَ مُحَرَّمٌ عَلَيْكُمْ إِخْرَاجُهُمْ أَفَتُؤْمِنُونَ بِبَعْضِ ٱلْكِتَـٰبِ وَتَكْفُرُونَ بِبَعْضٍ فَمَا جَزَآءُ مَن يَفْعَلُ ذَٰلِكَ مِنكُمْ إِلَّا خِزْىٌ فِى ٱلْحَيَوٰةِ ٱلدُّنْيَا وَيَوْمَ ٱلْقِيَـٰمَةِ يُرَدُّونَ إِلَىٰٓ أَشَدِّ ٱلْعَذَابِ وَمَا ٱللَّهُ بِغَـٰفِلٍ عَمَّا تَعْمَلُونَ,N,د ن و,দুনিয়া,,,,,
123,L3-29,53,وَبِٱلْـَٔاخِرَةِ,َٔاخِرَةِ,2:4:10,وَٱلَّذِينَ يُؤْمِنُونَ بِمَآ أُنزِلَ إِلَيْكَ وَمَآ أُنزِلَ مِن قَبْلِكَ وَبِٱلْـَٔاخِرَةِ هُمْ يُوقِنُونَ,N,ا خ ر,শেষ; আখিরাত,,,,,
124,L3-29,52,قَبْلِكَ,قَبْلِ,2:4:9,وَٱلَّذِينَ يُؤْمِنُونَ بِمَآ أُنزِلَ إِلَيْكَ وَمَآ أُنزِلَ مِن قَبْلِكَ وَبِٱلْـَٔاخِرَةِ هُمْ يُوقِنُونَ,N,ق ب ل,আগে,,,,,
125,L3-29,227,بَعْدِ,بَعْدِ,2:27:6,ٱلَّذِينَ يَنقُضُونَ عَهْدَ ٱللَّهِ مِنۢ بَعْدِ مِيثَـٰقِهِۦ وَيَقْطَعُونَ مَآ أَمَرَ ٱللَّهُ بِهِۦٓ أَن يُوصَلَ وَيُفْسِدُونَ فِى ٱلْأَرْضِ أُو۟لَـٰٓئِكَ هُمُ ٱلْخَـٰسِرُونَ,N,ب ع د,পরে,,,,,
126,L3-29,1497,يَوْمَئِذٍ,يَوْمَئِذٍ,99:4:1,يَوْمَئِذٍ تُحَدِّثُ أَخْبَارَهَا,T,,সেদিন,,,,,
127,L3-30,700,إِلَـٰهَ,إِلَـٰهَ,2:255:3,ٱللَّهُ لَآ إِلَـٰهَ إِلَّا هُوَ ٱلْحَىُّ ٱلْقَيُّومُ لَا تَأْخُذُهُۥ سِنَةٌ وَلَا نَوْمٌ لَّهُۥ مَا فِى ٱلسَّمَـٰوَٰتِ وَمَا فِى ٱلْأَرْضِ مَن ذَا ٱلَّذِى يَشْفَعُ عِندَهُۥٓ إِلَّا بِإِذْنِهِۦ يَعْلَمُ مَا بَيْنَ أَيْدِيهِمْ وَمَا خَلْفَهُمْ وَلَا يُحِيطُونَ بِشَىْءٍ مِّنْ عِلْمِهِۦٓ إِلَّا بِمَا شَآءَ وَسِعَ كُرْسِيُّهُ ٱلسَّمَـٰوَٰتِ وَٱلْأَرْضَ وَلَا يَـُٔودُهُۥ حِفْظُهُمَا وَهُوَ ٱلْعَلِىُّ ٱلْعَظِيمُ,N,ا ل ه,"ইলাহ, উপাস্য",,,,,
128,L3-30,737,ٱلْحَىُّ,حَىُّ,2:255:6,ٱللَّهُ لَآ إِلَـٰهَ إِلَّا هُوَ ٱلْحَىُّ ٱلْقَيُّومُ لَا تَأْخُذُهُۥ سِنَةٌ وَلَا نَوْمٌ لَّهُۥ مَا فِى ٱلسَّمَـٰوَٰتِ وَمَا فِى ٱلْأَرْضِ مَن ذَا ٱلَّذِى يَشْفَعُ عِندَهُۥٓ إِلَّا بِإِذْنِهِۦ يَعْلَمُ مَا بَيْنَ أَيْدِيهِمْ وَمَا خَلْفَهُمْ وَلَا يُحِيطُونَ بِشَىْءٍ مِّنْ عِلْمِهِۦٓ إِلَّا بِمَا شَآءَ وَسِعَ كُرْسِيُّهُ ٱلسَّمَـٰوَٰتِ وَٱلْأَرْضَ وَلَا يَـُٔودُهُۥ حِفْظُهُمَا وَهُوَ ٱلْعَلِىُّ ٱلْعَظِيمُ,N,ح ي ي,চিরঞ্জীব,,,,,
129,L3-30,1101,ٱلْقَيُّومُ,قَيُّومُ,2:255:7,ٱللَّهُ لَآ إِلَـٰهَ إِلَّا هُوَ ٱلْحَىُّ ٱلْقَيُّومُ لَا تَأْخُذُهُۥ سِنَةٌ وَلَا نَوْمٌ لَّهُۥ مَا فِى ٱلسَّمَـٰوَٰتِ وَمَا فِى ٱلْأَرْضِ مَن ذَا ٱلَّذِى يَشْفَعُ عِندَهُۥٓ إِلَّا بِإِذْنِهِۦ يَعْلَمُ مَا بَيْنَ أَيْدِيهِمْ وَمَا خَلْفَهُمْ وَلَا يُحِيطُونَ بِشَىْءٍ مِّنْ عِلْمِهِۦٓ إِلَّا بِمَا شَآءَ وَسِعَ كُرْسِيُّهُ ٱلسَّمَـٰوَٰتِ وَٱلْأَرْضَ وَلَا يَـُٔودُهُۥ حِفْظُهُمَا وَهُوَ ٱلْعَلِىُّ ٱلْعَظِيمُ,N,ق و م,চিরস্থায়ী ধারক,,,,,
130,L3-30,1103,نَوْمٌ,نَوْمٌ,2:255:12,ٱللَّهُ لَآ إِلَـٰهَ إِلَّا هُوَ ٱلْحَىُّ ٱلْقَيُّومُ لَا تَأْخُذُهُۥ سِنَةٌ وَلَا نَوْمٌ لَّهُۥ مَا فِى ٱلسَّمَـٰوَٰتِ وَمَا فِى ٱلْأَرْضِ مَن ذَا ٱلَّذِى يَشْفَعُ عِندَهُۥٓ إِلَّا بِإِذْنِهِۦ يَعْلَمُ مَا بَيْنَ أَيْدِيهِمْ وَمَا خَلْفَهُمْ وَلَا يُحِيطُونَ بِشَىْءٍ مِّنْ عِلْمِهِۦٓ إِلَّا بِمَا شَآءَ وَسِعَ كُرْسِيُّهُ ٱلسَّمَـٰوَٰتِ وَٱلْأَرْضَ وَلَا يَـُٔودُهُۥ حِفْظُهُمَا وَهُوَ ٱلْعَلِىُّ ٱلْعَظِيمُ,N,ن و م,ঘুম,,,,,
