kind,id,text_bn (DRAFT),teacher: OK? (yes/no),teacher: correction
lesson title,L1-01,বিসমিল্লাহর অর্থ,,
lesson goal,L1-01,বিসমিল্লাহর প্রতিটি শব্দ বুঝি,,
explanation,L1-01,"প্রথম শব্দটি দুই ভাগে গড়া: শুরুর ছোট অংশ ‘বি’ মানে ‘দিয়ে’ বা ‘নামে’, আর বাকি অংশ মানে ‘নাম’। তাই প্রথম দুই শব্দ একসাথে: ‘আল্লাহর নামে’।",,
lesson title,L1-02,সব প্রশংসা আল্লাহর,,
lesson goal,L1-02,আয়াত ১:২ নিজে পড়ে বুঝি,,
explanation,L1-02,"অনেক আরবি শব্দের শুরুতে ‘আল’ থাকে। এটি শব্দটিকে নির্দিষ্ট করে, যেমন বাংলায় ‘টি/টা’: হামদ = প্রশংসা, আল-হামদ = সেই প্রশংসা। শুরুতে ‘লি’ মানে ‘-এর জন্য’: লিল্লাহ = আল্লাহর জন্য।",,
lesson title,L1-03,বিচার দিনের মালিক,,
lesson goal,L1-03,পাশাপাশি দুই বিশেষ্য = ‘-এর’,,
explanation,L1-03,"দুটি বিশেষ্য পাশাপাশি বসলে মাঝে ‘-এর’ অর্থ আসে: মালিকি ইয়াওমিদ্দীন = বিচার দিনের মালিক। আরবিতে ‘-এর’ আলাদা করে লেখা হয় না, পাশাপাশি বসাই যথেষ্ট।",,
lesson title,L1-04,শুধু আপনারই ইবাদত,,
lesson goal,L1-04,ক্রিয়ার ভেতরে ‘আমরা’,,
explanation,L1-04,"ক্রিয়ার শুরুতে ‘ন’ থাকলে কাজটি ‘আমরা’ করি: না‘বুদু = আমরা ইবাদত করি, নাসতা‘ঈন = আমরা সাহায্য চাই। শুরুর ‘ওয়া’ মানে ‘এবং’।",,
lesson title,L1-05,সরল পথ দেখান,,
lesson goal,L1-05,বিশেষণ বসে বিশেষ্যের পরে,,
explanation,L1-05,"বিশেষণ বসে বিশেষ্যের পরে, আর দুটোতেই ‘আল’ থাকে: আস-সিরাতাল মুসতাকীম = সরল পথ। শব্দের শেষে ‘না’ মানে ‘আমাদের/আমাদেরকে’: ইহদিনা = আমাদেরকে পথ দেখান।",,
lesson title,L1-06,যাদের প্রতি অনুগ্রহ,,
lesson goal,L1-06,‘যারা’ শব্দটি চিনি,,
explanation,L1-06,‘আল্লাযীনা’ মানে ‘যারা’; এর পরে তাদের কথা আসে। ‘আলাইহিম’ শব্দে ‘আলা’ (প্রতি) আর শেষের ‘হিম’ (তাদের) মিলে হয় ‘তাদের প্রতি’।,,
lesson title,L1-07,পুরো ফাতিহা বুঝি,,
lesson goal,L1-07,অনুবাদ ছাড়া সূরা ফাতিহা বুঝি,,
explanation,L1-07,"এখন পুরো সূরা ফাতিহার প্রায় সব শব্দ আপনি চেনেন। অনুবাদ না দেখে প্রতিটি আয়াত পড়ুন; যে শব্দ মনে পড়ছে না, শুধু সেটিতে চাপ দিন।",,
lesson title,L1-08,সালাতের শব্দ,,
lesson goal,L1-08,তাকবীর ও তাসবীহের শব্দ চিনি,,
explanation,L1-08,"সালাতে আমরা যে শব্দগুলো বারবার বলি, সেগুলো কুরআনেও আছে। ‘আকবার’ ও ‘আ‘লা’ ধরনের শব্দ ‘সবচেয়ে বেশি’ বোঝায়: আকবার = সবচেয়ে বড়, আল-আ‘লা = সর্বোচ্চ।",,
lesson title,L1-09,সূরা ইখলাস,,
lesson goal,L1-09,সূরা ইখলাস বুঝি,,
explanation,L1-09,"‘কুল’ একটি আদেশ: ‘বলুন’। ‘লাম’ + ক্রিয়া মানে কাজটি হয়নি: লাম ইয়ালিদ = তিনি জন্ম দেননি, ওয়া লাম ইউলাদ = এবং তাঁকেও জন্ম দেওয়া হয়নি।",,
lesson title,L1-10,সূরা আসর,,
lesson goal,L1-10,সূরা আসর বুঝি; প্রথম স্তরের পরীক্ষা,,
explanation,L1-10,‘ইন্না’ মানে ‘নিশ্চয়ই’; বাক্যের শুরুতে বসে কথাকে জোর দেয়। ‘ইল্লা’ মানে ‘তবে/ছাড়া’। শেষ আয়াতে ‘বিল-হাক্ক’ ও ‘বিস-সবর’ শব্দে শুরুর ‘বি’ আর ‘আল’ আপনি আগেই চেনেন।,,
lesson title,L2-11,"কোথা থেকে, কোথায়",,
lesson goal,L2-11,মূল অব্যয়গুলো চিনি,,
explanation,L2-11,"মিন, ফী, ইলা, ‘আন, ‘আলা — এগুলো অব্যয় (হারফে জার)। এরা বিশেষ্যের আগে বসে, আর সেই বিশেষ্যের শেষে সাধারণত ‘ই’-কার আওয়াজ আসে: মিন কাবলিকা = আপনার আগে থেকে।",,
lesson title,L2-12,"সে, তারা, তুমি",,
lesson goal,L2-12,আলাদা সর্বনাম চিনি,,
explanation,L2-12,"আলাদা সর্বনামগুলো: হুওয়া (সে), হিয়া (সে, নারী), হুম (তারা), আনতা (তুমি), আনতুম (তোমরা), আনা (আমি), নাহনু (আমরা)। হুওয়া আপনি সূরা ইখলাসে শিখেছেন।",,
lesson title,L2-13,"আপনার রব, তাদের রব",,
lesson goal,L2-13,শব্দের শেষে জোড়া সর্বনাম,,
explanation,L2-13,"সর্বনাম শব্দের শেষে জুড়েও বসে, তখন মানে হয় ‘-এর’ বা ‘-কে’: রব্বুকা = তোমার রব, রব্বাকুম = তোমাদের রব, রব্বিহিম = তাদের রব। শেষের ‘-ঈ’ মানে ‘আমার’।",,
lesson title,L2-14,"এটা, ওটা",,
lesson goal,L2-14,কাছের ও দূরের ইঙ্গিত,,
explanation,L2-14,"কাছের জিনিসের জন্য ‘হাযা’ (এটা; নারীবাচকে ‘হাযিহি’), দূরের জন্য ‘যালিকা’ (ওটা; নারীবাচকে ‘তিলকা’)। অনেকের জন্য ‘উলাইকা’ = ওরা।",,
lesson title,L2-15,ছোট বাক্য: ‘ওটা কিতাব’,,
lesson goal,L2-15,‘হয়’ ছাড়া বাক্য,,
explanation,L2-15,"আরবিতে ‘হয়/আছে’ শব্দ ছাড়াই বাক্য হয়: প্রথমে যার কথা (মুবতাদা), পরে তার সম্পর্কে খবর (খবর)। যালিকাল কিতাব = ওটা সেই কিতাব; হুদাল লিল মুত্তাকীন = মুত্তাকিদের জন্য পথনির্দেশ।",,
lesson title,L2-16,প্রশ্নের শব্দ,,
lesson goal,L2-16,প্রশ্ন চিনি,,
explanation,L2-16,"প্রশ্নের শব্দ বাক্যের শুরুতে বসে: মান (কে), মা বা মাযা (কী), কাইফা (কীভাবে), হাল (কি — হ্যাঁ/না প্রশ্ন)।",,
lesson title,L2-17,"না, কখনো না",,
lesson goal,L2-17,কোন ‘না’ কোন সময়ের,,
explanation,L2-17,‘লা’ সাধারণ ‘না’; ‘লাম’ অতীতে ‘করেনি’; ‘লান’ ভবিষ্যতে ‘কখনো করবে না’; ‘লাইসা’ মানে ‘নয়’; ‘মা’ও কখনো ‘না’ বোঝায়। লা ও লাম আপনি আগেই শিখেছেন।,,
lesson title,L2-18,নিশ্চয়ই আল্লাহ সক্ষম,,
lesson goal,L2-18,জোর দেওয়ার শব্দ,,
explanation,L2-18,‘ইন্না’ ও ‘আন্না’ কথাকে জোর দেয়। ‘কাদ’ অতীত ক্রিয়ার আগে মানে ‘অবশ্যই/ইতিমধ্যে’। ইন্নাল্লাহা ‘আলা কুল্লি শাইয়িন কাদীর = নিশ্চয়ই আল্লাহ সব কিছুর উপর ক্ষমতাবান।,,
lesson title,L2-19,আল্লাহর গুণ,,
lesson goal,L2-19,গুণবাচক শব্দের ছাঁচ,,
explanation,L2-19,"আল্লাহর অনেক গুণবাচক শব্দের একই ছাঁচ: ‘ফা‘ঈল’ (‘আলীম, হাকীম, সামী‘, বাসীর) আর ‘ফা‘ঊল’ (গাফূর)। ছাঁচটি চিনলে নতুন শব্দও সহজে চেনা যায়।",,
lesson title,L2-20,আয়াত ২:২–২:৫,,
lesson goal,L2-20,চার আয়াত পড়ি; দ্বিতীয় স্তরের পরীক্ষা,,
explanation,L2-20,"আয়াত ২:২ থেকে ২:৫ পর্যন্ত পড়ুন। নতুন শব্দগুলো: ইউকীমূন (কায়েম করে), আস-সালাত, রাযাকনা (আমরা রিজিক দিয়েছি), ইউনফিকূন (খরচ করে)।",,
lesson title,L3-21,সে করল,,
lesson goal,L3-21,অতীত ক্রিয়া,,
explanation,L3-21,"আরবি ক্রিয়ার তিন রূপ: অতীত, বর্তমান/ভবিষ্যৎ, আর আদেশ। অতীতের মূল রূপ মানে ‘সে করল’: খালাকা = তিনি সৃষ্টি করলেন, কালা = সে বলল, কানা = ছিল।",,
lesson title,L3-22,কে করল?,,
lesson goal,L3-22,অতীত ক্রিয়ার শেষ অংশ,,
explanation,L3-22,"অতীত ক্রিয়ার শেষ অংশ বলে কে কাজটি করল: কালূ = তারা বলল, আন‘আমতা = আপনি অনুগ্রহ করলেন, রাযাকনা = আমরা দিলাম। শেষের ‘তু’ মানে ‘আমি’।",,
lesson title,L3-23,সে করে / করবে,,
lesson goal,L3-23,বর্তমান ক্রিয়া,,
explanation,L3-23,"বর্তমান ক্রিয়ার শুরুর অক্ষর বলে কে করে: ইয়া (সে), তা (তুমি), না (আমরা), আ (আমি)। শেষে ‘-ঊনা’ থাকলে ‘তারা করে’: ইউ’মিনূনা = তারা ঈমান আনে।",,
lesson title,L3-24,আদেশ,,
lesson goal,L3-24,আদেশ রূপ চিনি,,
explanation,L3-24,আদেশ রূপ ‘করো’ বোঝায়: উ‘বুদূ = তোমরা ইবাদত করো। ডাকার শব্দ ‘ইয়া আইয়ুহা’ = হে …! ইয়া আইয়ুহান নাস = হে মানুষ!,,
lesson title,L3-25,ঈমান ও আমল,,
lesson goal,L3-25,জোড়ায় শব্দ শিখি,,
explanation,L3-25,কিছু শব্দ জোড়ায় শিখলে সহজ: আমানা (ঈমান আনা) — কাফারা (অস্বীকার করা); জান্নাত — নার (আগুন)।,,
lesson title,L3-26,জ্ঞানের শব্দ,,
lesson goal,L3-26,"এক মূল, অনেক শব্দ",,
explanation,L3-26,"একই মূল অক্ষর থেকে অনেক শব্দ হয়। ‘আইন-লাম-মীম’ থেকে: ‘আলিমা (জানল), ‘ইলম (জ্ঞান), ‘আল্লামা (শেখাল), আ‘লাম (বেশি জানেন), ‘আলীম (সর্বজ্ঞ)।",,
lesson title,L3-27,মূল অক্ষর চিনি,,
lesson goal,L3-27,তিন অক্ষরের মূল,,
explanation,L3-27,"প্রায় সব আরবি শব্দের পেছনে তিনটি মূল অক্ষর থাকে। কাফ-তা-বা থেকে: কাতাবা (লিখল), কিতাব (বই), কুতিবা (লেখা হয়েছে, নির্ধারণ করা হয়েছে)।",,
lesson title,L3-28,"মানুষ, আকাশ, পৃথিবী",,
lesson goal,L3-28,সৃষ্টির শব্দ,,
explanation,L3-28,আরবিতে বহুবচন অনেক সময় শব্দের গঠন বদলে হয়: সামা’ (আকাশ) থেকে সামাওয়াত (আকাশমণ্ডলী)।,,
lesson title,L3-29,দুনিয়া ও আখিরাত,,
lesson goal,L3-29,সময়ের শব্দ,,
explanation,L3-29,"সময়ের শব্দ: কাবল (আগে), বা‘দ (পরে), দুনিয়া, আখিরাহ, ইয়াওমাইযিন (সেদিন)।",,
lesson title,L3-30,আয়াতুল কুরসি (প্রথম অংশ),,
lesson goal,L3-30,তিন স্তরের সব শেখা কাজে লাগাই; তৃতীয় স্তরের পরীক্ষা,,
explanation,L3-30,"আয়াতুল কুরসির শুরুর অংশ পড়ুন। এর প্রায় সব শব্দ এখন আপনি চেনেন: আল্লাহ, লা ইলাহা ইল্লা হুওয়া, আল-হাইয়ুল কাইয়ূম, লা তা’খুযুহু … ওয়ালা নাওম।",,
root idea,ا ج ر,প্রতিদান,,
root idea,ا ح د,এক হওয়া,,
root idea,ا خ ر,"পরে হওয়া, শেষ",,
root idea,ا ر ض,পৃথিবী,,
root idea,ا ل ه,উপাস্য,,
root idea,ا م ن,"নিরাপত্তা, বিশ্বাস",,
root idea,ا ن س,মানুষ,,
root idea,ب ص ر,দেখা,,
root idea,ب ع د,পরে হওয়া,,
root idea,ج ع ل,বানানো,,
root idea,ج ن ن,ঢেকে থাকা,,
root idea,ح ق ق,সত্য,,
root idea,ح ك م,"প্রজ্ঞা, বিচার",,
root idea,ح م د,প্রশংসা,,
root idea,ح ي ي,জীবন,,
root idea,خ س ر,ক্ষতি,,
root idea,خ ل ق,সৃষ্টি,,
root idea,د ع و,ডাকা,,
root idea,د ن و,কাছে হওয়া,,
root idea,د ي ن,"প্রতিদান, আনুগত্য",,
root idea,ر ب ب,প্রতিপালন,,
root idea,ر ح م,দয়া,,
root idea,ر ز ق,রিজিক,,
root idea,ر ي ب,সন্দেহ,,
root idea,س ب ح,পবিত্রতা ঘোষণা,,
root idea,س م ع,শোনা,,
root idea,س م و,নাম; উঁচু হওয়া,,
root idea,ش ي ا,"ইচ্ছা, জিনিস",,
root idea,ص ب ر,ধৈর্য,,
root idea,ص ر ط,পথ,,
root idea,ص ل ح,ভালো হওয়া,,
root idea,ص ل و,"সালাত, দোয়া",,
root idea,ص م د,অমুখাপেক্ষিতা,,
root idea,ص و م,"রোজা, বিরত থাকা",,
root idea,ض ل ل,পথ হারানো,,
root idea,ع ب د,"দাসত্ব, ইবাদত",,
root idea,ع ص ر,সময়,,
root idea,ع ظ م,মহত্ত্ব,,
root idea,ع ل م,জানা,,
root idea,ع ل و,উঁচু হওয়া,,
root idea,ع م ل,কাজ,,
root idea,ع و ن,সাহায্য,,
root idea,غ ض ب,রাগ,,
root idea,غ ف ر,ক্ষমা,,
root idea,غ ي ر,ভিন্নতা,,
root idea,ق ب ل,"সামনে, আগে",,
root idea,ق د ر,"ক্ষমতা, পরিমাপ",,
root idea,ق و ل,বলা,,
root idea,ق و م,"দাঁড়ানো, ঠিক থাকা",,
root idea,ك ب ر,বড় হওয়া,,
root idea,ك ت ب,লেখা,,
root idea,ك ف ا,সমান হওয়া,,
root idea,ك ف ر,"অস্বীকার, ঢেকে রাখা",,
root idea,ك ل ل,সমগ্রতা,,
root idea,ك و ن,হওয়া,,
root idea,ك ي ف,অবস্থা,,
root idea,ل ي س,না হওয়া,,
root idea,م ل ك,"মালিকানা, রাজত্ব",,
root idea,ن ع م,অনুগ্রহ,,
root idea,ن ف ق,খরচ,,
root idea,ن و ر,"আলো, আগুন",,
root idea,ن و س,মানুষ,,
root idea,ن و م,ঘুম,,
root idea,ه د ي,পথ দেখানো,,
root idea,و ق ي,রক্ষা পাওয়া,,
root idea,و ل د,জন্ম,,
root idea,ي و م,দিন,,
