root,meaning_bn,reviewed_by,reviewed_on
ا ج ر,প্রতিদান,DRAFT,
ا ح د,এক হওয়া,DRAFT,
ا خ ر,"পরে হওয়া, শেষ",DRAFT,
ا ر ض,পৃথিবী,DRAFT,
ا ل ه,উপাস্য,DRAFT,
ا م ن,"নিরাপত্তা, বিশ্বাস",DRAFT,
ا ن س,মানুষ,DRAFT,
ب ص ر,দেখা,DRAFT,
ب ع د,পরে হওয়া,DRAFT,
ج ع ل,বানানো,DRAFT,
ج ن ن,ঢেকে থাকা,DRAFT,
ح ق ق,সত্য,DRAFT,
ح ك م,"প্রজ্ঞা, বিচার",DRAFT,
ح م د,প্রশংসা,DRAFT,
ح ي ي,জীবন,DRAFT,
خ س ر,ক্ষতি,DRAFT,
خ ل ق,সৃষ্টি,DRAFT,
د ع و,ডাকা,DRAFT,
د ن و,কাছে হওয়া,DRAFT,
د ي ن,"প্রতিদান, আনুগত্য",DRAFT,
ر ب ب,প্রতিপালন,DRAFT,
ر ح م,দয়া,DRAFT,
ر ز ق,রিজিক,DRAFT,
ر ي ب,সন্দেহ,DRAFT,
س ب ح,পবিত্রতা ঘোষণা,DRAFT,
س م ع,শোনা,DRAFT,
س م و,নাম; উঁচু হওয়া,DRAFT,
ش ي ا,"ইচ্ছা, জিনিস",DRAFT,
ص ب ر,ধৈর্য,DRAFT,
ص ر ط,পথ,DRAFT,
ص ل ح,ভালো হওয়া,DRAFT,
ص ل و,"সালাত, দোয়া",DRAFT,
ص م د,অমুখাপেক্ষিতা,DRAFT,
ص و م,"রোজা, বিরত থাকা",DRAFT,
ض ل ل,পথ হারানো,DRAFT,
ع ب د,"দাসত্ব, ইবাদত",DRAFT,
ع ص ر,সময়,DRAFT,
ع ظ م,মহত্ত্ব,DRAFT,
ع ل م,জানা,DRAFT,
ع ل و,উঁচু হওয়া,DRAFT,
ع م ل,কাজ,DRAFT,
ع و ن,সাহায্য,DRAFT,
غ ض ب,রাগ,DRAFT,
غ ف ر,ক্ষমা,DRAFT,
غ ي ر,ভিন্নতা,DRAFT,
ق ب ل,"সামনে, আগে",DRAFT,
ق د ر,"ক্ষমতা, পরিমাপ",DRAFT,
ق و ل,বলা,DRAFT,
ق و م,"দাঁড়ানো, ঠিক থাকা",DRAFT,
ك ب ر,বড় হওয়া,DRAFT,
ك ت ب,লেখা,DRAFT,
ك ف ا,সমান হওয়া,DRAFT,
ك ف ر,"অস্বীকার, ঢেকে রাখা",DRAFT,
ك ل ل,সমগ্রতা,DRAFT,
ك و ن,হওয়া,DRAFT,
ك ي ف,অবস্থা,DRAFT,
ل ي س,না হওয়া,DRAFT,
م ل ك,"মালিকানা, রাজত্ব",DRAFT,
ن ع م,অনুগ্রহ,DRAFT,
ن ف ق,খরচ,DRAFT,
ن و ر,"আলো, আগুন",DRAFT,
ن و س,মানুষ,DRAFT,
ن و م,ঘুম,DRAFT,
ه د ي,পথ দেখানো,DRAFT,
و ق ي,রক্ষা পাওয়া,DRAFT,
و ل د,জন্ম,DRAFT,
ي و م,দিন,DRAFT,
